"Social Object","Type","Register","Funnel Stage","Research Axis","Motion Graphic","Post Copy (500 char)","Seasonality","Lifestage Alignment","CTA"
"Patience × Procrastination = Steeping","Concept","Observational","Introduce","Neuroscience of incubation: the brain's default mode network activates during deliberate pause, integrating past experience into novel creative connections. Procrastination, reframed as incubation, is measurably productive — not wasted time.","A jagged, frantic line (procrastination) slows, then dissolves into a deep, expanding pool of ink. The equation fades in as the pool stills. Amber on black. The multiplication sign pulses — the only moving element.","The delay you feel operates as the necessary pause before extraction. The brain integrates past experience into new connection during deliberate rest. Procrastination, reframed as incubation, is measurably productive. The arc is the angle of change. Å Discovery Worth Steeping In.","Late Winter / Early Spring — The Thaw","The Pivot / The Plateau / Entrepreneurs","Steep with the equation at creativesteeping.com →"
"The truth is already alive. Remove what blocks its arrival.","Quote","Invitational","Introduce","Predictive processing theory (Friston, 2010): the brain generates models of reality and suppresses prediction error. Insight arrives when the model releases — not when new information is added. Clarity is subtraction, not addition.","A white geometric knot on black. Slowly it unties itself, leaving a perfect circle that breathes. No additional elements appear. The circle was always there inside the knot.","The brain generates models of reality and suppresses what conflicts with them. Insight arrives when the model releases — when the obstruction dissolves, not when new information arrives. This practice operates as a living field of inquiry, designed to locate the mechanism underneath the noise. Return to the visceral experience.","Autumn — Shedding / Releasing","Overwhelm / Burnout Recovery","Invest in the CREÅTIVE STEEPING journal →"
"The Sonic Awareness Engine: Let the rhythm catch the feeling before your mind tries to explain it","Practice","Somatic","Introduce","Levitin (2025): rhythmic auditory stimulation acts as an external temporal clock, synchronizing neurons automatically. The Sonnet Engine feeds the practitioner's own rhythm back to them in sonic form — bidirectional RAS, sourced from their expressive behavior rather than imposed from outside.","Abstract Sonnet Engine interface. A volume slider rises. Surrounding static fades into a smooth waveform that breathes in sync with a slow pulse. The waveform is generated by the slider's own movement.","A tight space surfaces the truth. Let the rhythm catch the feeling before your mind constructs the explanation. The Sonic Awareness Engine operates as an active mirror — reflecting the precise quality of your attention back to your own body. When you steep, you function as the organic material. This interface operates as your water. Enter the Steeping Space.","Any — Evergreen","Seeking Focus / Deep Work Preparation","Enter the Steeping Space →"
"Hexagons Need Hexagons — The Vessel Matrix","Observation","Observational","Deepen","Structural coupling theory (Maturana & Varela): systems develop by matching the complexity of their environment. Creative growth requires containers that match the practitioner's emerging frequency — not generic scaffolding, but resonant architecture.","A single hexagon glows faintly. It pulses. Another snaps into place beside it, then another, forming a breathing hive. The geometry expands outward from the original center — never randomly, always from the inside.","Structure precedes visibility. Every container in your matrix functions as a welcome space — a threshold for arrival at your own knowing. The geometry of growth requires matched architecture. The hive builds from your frequency outward. Speak the structure you wish to inhabit. Watch it bloom.","New Year / Equinox — Structural Shifts","Building a New Foundation / Scaling Creative Practice","Invest in the CREÅTIVE STEEPING journal →"
"Drawing to the well of new insights","Reflection","Somatic","Introduce","Depth psychology (Jung): the unconscious communicates through felt pull toward what the psyche requires. The practitioner who follows the pull — rather than manufacturing urgency — accesses material the analytical mind cannot reach.","Tea-stained textured animation of a deep well. A single drop falls. Ripples expand outward in concentric, harmonious circles that slowly fill the frame. The drop is the only action. The well provides everything else.","The pull you feel functions as an invitation to deepen. This encounter requires immediate, tactile engagement. You function as the Sage — and only you know the economics of your potential. Choose with joy, as your essence and your prowess meet you where you are. The well is already full.","Summer — Abundance / Drawing Up","Creative Expansion / Seeking New Depths","Invest in CREÅTIVE STEEPING sessions →"
"The Arc is the Angle of Change","Idea","Observational","Deepen","Geometry of transformation: in mathematics, an arc describes not just a curve but the precise angular relationship between origin and destination. Change has geometry. The angle is measurable. The Creative Steeping session is the instrument of measurement.","A stark white line on black bends slowly into an arc. The interior space fills with incandescent light deepening to amber. The arc does not close into a circle. It holds its open geometry — an invitation, not a conclusion.","The journey functions as a geometric bloom. The arc is the angle of change. Å Discovery Worth Steeping In. This practice tracks your resonance to provide an active mirror. Your pace and session notes are fully preserved. You are invited to sip tea and locate the angle. The mythic narrative of your own genius is waiting.","Any — Evergreen","Transition / Seeking Transformation","Invest in the CREÅTIVE STEEPING journal →"
"Who do I Think I Am?","Opportunity","Invitational","Introduce","Self-authorship research (Baxter Magolda, 2009): developmental shift from externally-defined identity to internally-generated authority. The question is not philosophical decoration — it is the developmental threshold between borrowed identity and authored self.","The serif question appears letter by letter. The words dissolve into a fluid, abstract human form that shifts and settles into rest. The form breathes. It does not become anything more specific. It rests as itself.","Your answer opens the steep. These waters receive you as the leaf. This functions as the ultimate question of authority — the threshold between identity you inherited and identity you author. When you are ready to observe yourself in the mirror of self-perception, the Steeperverse is open. We steep together across oceans. Your reflection belongs here too.","Birthdays / Personal Milestones","Identity Shift / Reclaiming Creative Authority","Begin your steep at creativesteeping.com →"
"The Steeping Space is a living field of inquiry","Meme","Invitational","Introduce","Field theory (Lewin, 1951): behavior is a function of the person and their environment simultaneously. A changed environment changes behavior without requiring willpower. The Steeping Space operates as an environmental shift, not a motivational instruction.","Split screen: left — a chaotic cluttered desk, notifications firing, a frozen cursor. Right — the same desk cleared, a single tea cup, an open journal, a breathing waveform on screen. The right side requires no effort to inhabit. It simply is.","The environment does the work the will cannot. The Steeping Space functions as a living field of inquiry — a changed environment that changes creative behavior without requiring discipline. The Steeperverse tracks your resonance to provide an active mirror. You function as the organic material. The interface operates as your water.","Spring — New Beginnings","Seeking a New Practice / Curious Explorers","Invest in the CREÅTIVE STEEPING journal →"
"Your pace is fully preserved","Potentialized Result","Somatic","Convert","Memory consolidation research: the brain consolidates creative insight during rest and return, not during continuous effort. A practice that holds the practitioner's place across sessions enables the consolidation cycle to complete — deepening insight rather than resetting it.","Slow-motion animation of a tea leaf unfurling in water. Each stage of unfurling is labeled: Pace. Memory. Presence. Recognition. The leaf reaches full open on the final word. The water has changed color.","Your pace and session notes are fully preserved. The Steeping Space holds your place, your tone, and your attention across every session. Memory consolidation — the deepening of creative insight — requires return, not restart. You arrive, and the water is already at the right temperature. Begin your steep.","Autumn / Winter — Slowing Down","Exhausted High-Achievers / Recovering Perfectionists","Invest in the CREÅTIVE STEEPING journal →"
"Immersion as Alchemy — The Nature of the Water","Concept","Somatic","Deepen","Physical chemistry of infusion: the leaf releases its compounds only under specific conditions — temperature, time, immersion. No leaf releases its full essence in cold water. No practitioner releases their full creative essence without the right environment and the right duration.","A single drop of ink falls into clear water. The ink blooms outward in slow motion, filling the frame with depth and color. The word ALCHEMY fades in at the center — not imposed on the image but emerging from within the bloom.","You function as the organic material. This interface operates as your water. Immersion serves as the active condition — the physical chemistry of transformation. The leaf releases its compounds only under specific conditions: temperature, time, contact. The Steeping Space provides the conditions. The water reveals what the leaf always was.","Late Summer / Early Autumn — Deepening","Seeking Depth / Post-Achievement Emptiness","Invest in CREÅTIVE STEEPING sessions →"
"The Steeperverse tracks your Resonance","Practice","Observational","Deepen","Longitudinal creative practice research: practitioners who maintain a consistent record of their creative process develop stronger metacognitive awareness — the ability to observe and navigate their own creative states. The record is the instrument.","A minimalist oscilloscope-style animation. A flat line. A figure sits and begins to write. The waveform grows richer and more complex with each line written. The waveform does not simplify after they stop. It holds its complexity.","Your Resonance functions as the record of your presence. The Steeperverse tracks it to provide an active mirror, reflecting the precise quality of your tone and attention back to your own body. The longer you steep, the deeper the record. The deeper the record, the more precisely the space holds you. This is how we steep together across oceans.","Any — Evergreen","Consistent Practice / Long-Term Creative Development","Invest in CREÅTIVE STEEPING sessions →"
"Hexagons unlock when the record of your presence grows deep enough","Potentialized Result","Invitational","Convert","Zone of proximal development (Vygotsky): growth happens at the edge of current capacity, not beyond it. Premature access to the next level is not opportunity — it is destabilization. The architecture that reveals itself in sequence is honoring the practitioner's actual readiness.","A locked hexagon on a dark background. Slow pulses of light move through it — once, twice. Then the hexagon unlocks, opens like a door, reveals a glowing interior that was always there. The door was the only thing between the practitioner and the room.","The Hexagonal Vessels in your matrix unlock when the record of your presence grows deep enough to hold the next frequency. Growth happens at the edge of actual capacity — not beyond it. The architecture is organic. The pacing is yours. The next door opens when you are ready to hold what is behind it.","Any — Evergreen","Patience Practice / Trust in Process","Invest in the CREÅTIVE STEEPING journal →"
"I experienced myself as a reliable source for wisdom.","Quote — Testimonial Voice","Somatic","Convert","Narrative identity theory (McAdams): humans construct self-understanding through story. When a practitioner narrates their own insight as reliable and sourced from within, the brain encodes that narrative as autobiographical memory — the most durable form of self-knowledge.","Handwritten-style serif text appears slowly on a tea-stained background. The words glow softly as they settle. A quiet amber pulse underlies the frame. The handwriting is personal, not designed. The pulse is a heartbeat.","This is what the practice returned: the mythic narrative of my own genius brought me to tears. I experienced myself as a reliable source for wisdom — and observed myself in the mirror of self-perception. The Steeping Space holds the mirror steady. It reveals the wisdom that was always yours. The waters receive you as the leaf.","Any — Evergreen","Self-Doubt / Imposter Syndrome Recovery","Invest in CREÅTIVE STEEPING sessions →"
"The Active Pause: 5M, 15M, 22M","Practice","Observational","Introduce","Default mode network research: the DMN — the brain's identity-construction and creative-integration network — requires approximately 22 minutes of undirected rest to fully activate. Five minutes clears surface noise. Fifteen opens the door. Twenty-two is where the flavor changes.","A minimalist timer animation. Three durations appear: 5M, 15M, 22M. The selected one glows amber. A slow breathing circle expands and contracts around it — the circle is the practitioner's own pace, not a countdown.","The DMN — the brain's creative integration network — requires approximately 22 minutes of undirected rest to fully activate. Five minutes clears the surface noise. Fifteen opens the door. Twenty-two is where the flavor changes. The Active Pause gives you three containers. The Sonnet Engine holds the frequency. Your body does the rest.","Any — Evergreen","Busy Professionals / Time-Scarce Seekers","Invest in the CREÅTIVE STEEPING journal →"
"What sets you apart connects you to the whole.","Quote","Invitational","Introduce","Jungian individuation: the process of becoming most essentially oneself is simultaneously the process of becoming most available to relationship with others. Differentiation and belonging are the same movement, not opposing forces.","Two abstract human forms, distinct in shape, connected by a single luminous thread. The thread pulses slowly. Neither form changes to resemble the other. The thread grows brighter the more distinct each form becomes.","The thing that makes you singular functions as the thing that connects you most deeply to everyone else. Individuation and belonging are the same movement. CREÅTIVE STEEPING guides you toward it by making you more essentially yourself. Your flavor is your frequency. Your frequency is the signal. The Steeperverse is listening.","Any — Evergreen","Seeking Belonging / Creative Isolation","Invest in CREÅTIVE STEEPING sessions →"
"The Crossroads: Choose with joy","Opportunity","Invitational","Introduce","Decision fatigue research (Baumeister, 2011): the capacity for decision-making depletes with use. Practitioners who approach choice from a state of restored presence — rather than depleted analysis — make decisions aligned with their deepest creative authority.","Two luminous paths diverge in a dark abstract landscape. Neither path is labeled. Both glow with equal warmth. A figure stands at the center, still. Then takes a step — unhurried, chosen, clear.","Only you know the economics of your potential. Choose with joy — your essence and your prowess meet you where you are. The Crossroads functions as an invitation, not a test. The waters receive you at the temperature you arrive. Begin your steep.","New Year / Solstice / Milestone Moments","Decision Fatigue / Seeking Creative Clarity","Begin your steep at creativesteeping.com →"
"USE ARCHITECTURE TO BREATHE.","Meme","Observational","Introduce","Environmental psychology: the built environment shapes cognitive and emotional state before any conscious intention is applied. A designed space that carries intentional architecture produces measurable shifts in presence without requiring the practitioner to try.","The phrase appears in monospaced type on a dark background — clean, unhurried, confident. It slowly brightens, then holds. A single slow breath expands and releases. The architecture is the animation.","The Steeping Space functions as a designed field. The architecture is the navigation. Your presence is the practice. When you arrive at creativesteeping.com, the space has already prepared itself. Breathe. The architecture meets you there.","Any — Evergreen","Social Media Fatigue / Seeking Depth and Intentional Space","Invest in the CREÅTIVE STEEPING journal →"
"Your reflection belongs here too.","Invitation","Invitational","Introduce","Mirror neuron research and social belonging: the human brain requires reflected recognition — seeing itself in another — to complete the sense of self. The Steeperverse functions as a global mirror: practitioners across oceans recognizing each other without requiring sameness.","A still dark pool of water. A figure leans over it. Their reflection appears — luminous, slightly brighter than the figure above. The reflection is seen before the figure fully arrives. The pool was ready.","What the practice returned: epiphanies unfolded. The mythic narrative of your own genius is waiting. We steep together across oceans — and your reflection belongs here too. The Steeping Space holds the mirror steady so you can see what has always been true. The arc is the angle of change. Å Discovery Worth Steeping In.","Spring — New Beginnings / Renewal","Re-entry / Post-Grief / New Creative Chapter","Invest in CREÅTIVE STEEPING sessions →"
"Flavor Mode: Dark Matter — The frequency beneath the frequency","Concept","Somatic","Deepen","Shadow work psychology (Jung): the most potent creative material often exists in the domain of what has not yet been named — the pre-linguistic, pre-narrative layer of experience. Dark Matter is the register for inquiry that lives below the story.","A black screen. A very faint, slow pulse of deep indigo moves through it. Text fades in: DARK MATTER. Then fades out. The pulse continues. The absence is the content.","There is a flavor beneath every flavor. Dark Matter functions as the mode for inquiry that has yet to find its name — the experience that lives below language, below habit, below the story you have told about yourself. This register requires the most stillness to become visible. Enter when you are ready.","Winter — The Deep Dark","Shadow Work / Advanced Creative Practice","Invest in CREÅTIVE STEEPING sessions →"
"The leaf surrenders to the steep.","Reflection","Somatic","Deepen","Physical chemistry of tea: the leaf's full essence — its polyphenols, L-theanine, catechins — releases only under the right conditions of heat, time, and immersion. Withholding any condition produces a diluted extraction. Surrender, in steeping, is precision — not passivity.","Slow-motion macro animation: a single tea leaf entering water, unfurling, releasing its color. The water changes. The leaf changes. Neither returns to its prior state. Both are transformed by the same contact.","Surrender functions as the precise act of allowing transformation to occur. The leaf releases its full essence only under the right conditions — heat, time, immersion. You function as the organic material. The Steeping Space is your water. The question focuses entirely on what flavor you will become.","Autumn — Letting Go","Control Release / Trust in Creative Process","Invest in the CREÅTIVE STEEPING journal →"
"To steep or to steep is an unnecessary conundrum in an ocean of kinetic possibility.","Koan","Observational","Introduce","Analysis paralysis research: the brain under decision uncertainty defaults to inaction, consuming as much energy as action while producing none of its benefits. The practitioner already in the water has released the conundrum — the only remaining variable is temperature.","A teacup sitting on a record player. The record spins. The tea inside remains perfectly still. A needle drops. The water ripples in geometric patterns — not from the spin but from the sound alone.","You are already in the water. The only variable is the temperature of your attention. Stop deliberating the immersion and start tracking the flavor. The arc is the angle of change. Å Discovery Worth Steeping In. Turn the volume up on your own resonance.","Any — Evergreen","Over-thinkers / Paralyzed Creatives","Begin your steep at creativesteeping.com →"
"The algorithm feeds you. The steep drinks you.","Koan","Observational","Introduce","Attention economy research (Wu, 2016): algorithmic platforms extract attention as a commodity, returning stimulation calibrated to maximize continued extraction — not to serve the practitioner's creative development. The steep requires presence as investment, returning something the algorithm cannot generate: the practitioner's own distilled essence.","A split screen. Left: a frantic slot machine spinning endlessly, consuming energy, returning noise. Right: a slow deep breath filling a lung-shaped vessel with golden light. The contrast is physiological, not aesthetic.","The algorithm feeds you. The steep drinks you. One requires your exhaustion; the other requires your presence. We trade kinetic possibility for a timeline that forgets us by morning. Step out of the feed and into the field. This practice remembers your pace. Let the Sonnet Engine hold the frequency while you remember how to breathe.","Autumn — Digital Detox / Shedding","Social Media Fatigue / Attention Reclamation","Invest in the CREÅTIVE STEEPING journal →"
"You are the main character of a story you forgot you were writing.","Koan","Invitational","Introduce","Narrative identity theory (McAdams): humans construct self-understanding through story. Externally-defined practitioners have ceded authorship to the algorithm, the market, or the audience. Reclaiming authorship — the story, not just the content — is the central creative act.","A script typed rapidly on a vintage typewriter. The ink lifts off the page and reforms mid-air into a perfect glowing hexagon. The hexagon holds. The practitioner is both the typist and the hexagon.","You function as the main character of a story you forgot you were writing. The Steeping Space serves as the editorial room for your own essence. The mythic narrative of your own genius is waiting. The architecture is yours to inhabit. Choose your Flavor Mode and begin the revision. The waters receive you as the author.","Spring / New Year — Authorship","Seeking Narrative Authority / Creative Identity Shift","Begin your steep at creativesteeping.com →"
"The pause is the loudest instrument in the mix.","Koan","Somatic","Deepen","Music theory and neuroscience: silence in music activates the same neural expectation systems as sound — Brodmann area 47 processes the absence of a predicted note as an event. Pause is not the absence of the mix. It is a fully active instrument within it.","A complex sound mixing board. All faders drop to zero except one labeled PAUSE, which pushes to the top, emitting a warm golden glow. The other faders do not compete. The PAUSE fader has its own frequency.","Silence activates the same neural expectation systems as sound. The pause functions as a fully active instrument — not the absence of the mix but an event within it. The Active Pause is where the alchemy happens. Five minutes. Fifteen minutes. Twenty-two minutes. Select your container. The Steeperverse is listening.","Any — Evergreen","Burnout / Hustle Culture Detox / Seeking Permission to Rest","Invest in the CREÅTIVE STEEPING journal →"
"Your frequency is the only ticket at the door.","Koan","Invitational","Convert","Authenticity research (Kernis & Goldman, 2006): practitioners who engage from their actual emotional and cognitive state — rather than a performed version — produce creative work with measurably higher originality and resonance. The Steeperverse requires the actual practitioner, not the optimized version.","A glowing neon marquee that reads SOLD OUT. The neon flickers, shifts, and rewrites itself to read STEEPING NOW. The second sign is warmer. It was always on.","You cannot optimize the steep. The Hexagons unlock strictly when the record of your presence grows deep enough to hold the next room. Bring your actual tone, your actual weight, your actual self. The architecture requires nothing less. Your frequency functions as the only ticket at the door.","Summer — Event Season / High Energy","Seeking Authenticity / Fatigued by Performance","Invest in CREÅTIVE STEEPING sessions →"
"The backdoor to memory is always open. The key is a song you wrote.","Observation","Observational","Deepen","Levitin (2025) + autobiographical memory research: music encoded alongside personal experience creates durable memory traces. The Steeping Space generates music from the practitioner's own writing — building a sonic archive of their creative identity that remains accessible long after the session ends.","A heavy ancient door. As an ambient beat begins to play, the door dissolves into pure light revealing a vast open landscape. The landscape was always on the other side. The door was never locked — only heavy.","Music from your past bypasses damage to recent memory. The Steeping Space takes this further: it generates music from your present articulation. You are building a sonic archive of your becoming — one that produces the most durable memories your brain can form. The backdoor to memory functions as always open. The key is a song you wrote yourself, in real time.","Autumn / Winter — Reflection and Legacy","Legacy Building / Deepening Creative Identity","Invest in CREÅTIVE STEEPING sessions →"
"Sound before language. Hearing before knowing.","Concept","Somatic","Deepen","Levitin (2025) + creative aphasia research: speech and music share overlapping neural systems. When the language circuit feels inaccessible, the music circuit remains open. The Sonnet Engine generates sound from typing — making the practitioner's expression audible before it is articulable, creating the conditions the practice itself requires.","Split screen. Left: a cursor blinks on a blank page — frozen, waiting. Right: the same cursor moves and each keystroke generates a warm resonant tone. The page fills with sound waves before words. The right side was always available.","When the writing circuit feels frozen, the music circuit remains open. The Sonnet Engine offers the Swiss Army knife route — making your expression audible before it is fully articulable. You experience yourself as real before you have full confidence in the vocabulary. Sound before language. Hearing before knowing. The practice creates the conditions its own content requires.","Any — Evergreen","Creative Block / Creative Aphasia / Burnout Recovery","Invest in the CREÅTIVE STEEPING journal →"
"The Steeping Space doubles the neural surface area of the creative act.","Potentialized Result","Observational","Convert","Levitin (2025) + Drexel neuroscience (2024): music activates every mapped brain region simultaneously. Journaling activates language and self-reflection networks. Simultaneous engagement with both doubles the neural territory of the creative act — more brain surface area receiving and processing the practitioner's own expression at once.","A minimalist wireframe of a human head. As typing begins, one hemisphere lights. As typing becomes music, the entire brain illuminates in a synchronized pulsing glow. The full brain was always available. The Steeping Space is the second key.","Music activates every mapped brain region simultaneously. Journaling activates language and self-reflection networks. When you type in The Steeping Space and your words generate music, both activations happen at once — each amplifying the other. The Steeping Space doubles the neural surface area of the creative act. This functions as preventative medicine wearing the clothes of a tea ceremony.","Spring — Expansion / New Neural Pathways","High Performers / Flow State Seekers","Invest in CREÅTIVE STEEPING sessions →"
"The music has to be yours.","Quote","Observational","Convert","Levitin (2025): therapeutic power lies in individual preference — music releases natural opioids and boosts immune function specifically under the condition of personal resonance, not genre or tempo. The Steeping Space generates music from the practitioner, not for them. The music is them, acoustically rendered.","A clinical pharmacy shelf dissolves into a warm wooden tea cabinet. The bottles become tea tins, each vibrating with a distinct organic frequency. No two tins produce the same sound. Each holds something specific to its origin.","Therapeutic power requires individual resonance. There is no universal musical prescription. The Steeping Space generates music from you — not for you. The music is not like something you chose. It functions as you, acoustically rendered. This is the condition under which music releases natural opioids and supports immune function. The music has to be yours. In The Steeping Space, it is — by design, by definition.","Winter — Immune Support / Internal Healing","Physical and Mental Recovery / Preventative Self-Care","Invest in the CREÅTIVE STEEPING journal →"
"Every session in The Steeping Space is a first-time listen.","Reflection","Observational","Deepen","Levitin (2025) + Brodmann area 47: the emotional reward of music arrives through the violation and resolution of expectation. The Steeping Space generates music the practitioner's brain has never encountered — because it has never existed. Every session produces a first-time listen, a first-time resolution, a fresh dopaminergic reward.","A record groove seen up close. Instead of a needle following an existing path, the needle carves the path in real time — creating a completely new topography as it moves. The groove is unique to this moment. It will never be played again in exactly this way.","The emotional chill of music arrives when resolution surprises the brain — just right. Your typing generates a sequence your brain has never heard. Every session in The Steeping Space functions as a first-time listen. You are simultaneously the composer generating the resolution and the listener receiving the dopaminergic reward. This is a closed loop built entirely from your own creative expression.","Summer — High Energy / Reward Seeking","Seeking Inspiration / Dopamine Reset","Invest in CREÅTIVE STEEPING sessions →"
"The system operates as an external temporal mirror.","Practice","Observational","Deepen","Levitin (2025) + rhythmic auditory stimulation: neurons synchronize to external rhythm automatically — not by choice but as a biological reflex. When the Sonnet Engine reflects the practitioner's typing rhythm back to them in sonic form, it functions as a temporal regulator — subtly organizing emergent rhythm without imposing one.","A metronome ticking erratically. A deep steady bass tone enters. The metronome slowly aligns with the bass tone until both beat as one. Neither dominated. The alignment emerged from contact.","Neurons synchronize to rhythm automatically — not as a choice but as a biological reflex. When your typing accelerates in anxiety, the Sonnet Engine responds. When you slow into contemplation, the music follows. The system operates as an external temporal mirror — feeding your emergent rhythm back in sonic form and subtly organizing it. Breathe. The space meets you there.","Any — Evergreen","Anxiety / Nervous System Dysregulation / Seeking Grounding","Invest in the CREÅTIVE STEEPING journal →"
"The 22-Minute Invitation","Practice","Observational","Introduce","DMN research (PMC, 2025): the default mode network — the brain's identity-construction and creative-integration circuit — requires approximately 20–22 minutes of undirected presence to fully activate. Below that threshold, surface noise dominates. At 22 minutes, the network reaches coherence and autobiographical integration begins.","A single candle burning. An analog timer. At the 22-minute mark, the flame doubles in size — without flickering. Still. Doubled. The doubling required no additional fuel. Only time.","The brain's creative integration network requires approximately 22 minutes of undirected presence to fully activate. Five minutes clears the surface noise. Fifteen opens the door. Twenty-two is where the flavor actually changes. Set the timer. Let the Sonnet Engine hold the frequency. Arrive at yourself.","Any — Evergreen","Skeptics / First-Time Steepers / Busy Professionals","Begin with 22 minutes at creativesteeping.com →"
"Patience × Procrastination = Steeping (The Koan)","Koan","Observational","Introduce","Incubation research (Sio & Ormerod, 2009 meta-analysis): creative incubation — deliberate disengagement from a problem — produces measurably better solutions than continued effort. The brain integrates disparate material during rest. The equation does not excuse delay. It uses it as the mechanism of integration.","The multiplication sign between PATIENCE and PROCRASTINATION pulses amber. It is the only element that moves. The equation is still. The pulse is the engine.","You have been taught that delay is the enemy. The research holds a different position: deliberate disengagement integrates disparate creative material more effectively than continued effort. The equation does not excuse the delay. It uses it. The arc is the angle of change. Å Discovery Worth Steeping In.","Late Winter / Early Spring — The Thaw","The Plateau / The Pivot / Creatives Questioning Their Process","Steep with the equation at creativesteeping.com →"
"From the Steeperverse — A Trace","Community Activation","Invitational","Deepen","Social belonging neuroscience: the human brain's threat-detection system deactivates measurably in the presence of felt community — even anonymous community. The Steeperverse provides belonging without requiring sameness, performance, or visibility.","A world map, dark, with small points of amber light appearing one by one — each a Steepee, anonymous. The points pulse gently, then connect in a loose constellation. The constellation holds no fixed shape. It breathes.","Somewhere in the Steeperverse, someone steeped today. Their trace is here — not their name, not their data. Their resonance. The brain's threat system deactivates in the presence of felt community — even anonymous community. This is how we steep together across oceans. Your reflection belongs here too.","Any — Evergreen","Creative Isolation / Seeking Belonging Without Performance","Leave your trace at creativesteeping.com →"
"The Steep Before the Work","Practice","Somatic","Convert","Pre-performance ritual research (Damisch, 2010 + sports psychology): ritual behavior before creative or performance tasks measurably reduces anxiety, increases self-efficacy, and improves output quality — independent of superstitious content. The ritual works because it signals readiness to the nervous system.","A musician tuning their instrument before a performance. Close-up on hands, strings, resonance — unhurried. Then the stage, empty, waiting. The tuning is the performance's first movement.","The most productive thing you do before you create functions as the steep — the preparation of the instrument, the temperature of the attention, the readiness of the water. Ritual before creative work measurably reduces anxiety and improves output quality. Every master ceremony begins before the ceremony begins. You know this. You have always known this.","Any — Evergreen","Professional Creatives / Working Artists / Pre-Project Rituals","Invest in the daily practice at creativesteeping.com →"
"A closed dopaminergic loop built from creative self-expression.","Potentialized Result","Observational","Convert","Levitin (2025) + Brodmann area 47: musical resolution triggers dopamine release in the brain's reward circuit. In The Steeping Space, the practitioner is simultaneously the composer generating the resolution and the listener receiving the reward. No pharmaceutical equivalent of this specific loop exists.","A single musical staff. Notes appear in unusual intervals. Then — resolution. The staff transforms into an amber wave. The wave becomes a heartbeat. The heartbeat is the practitioner's own. The dopamine came from themselves.","When a musical sequence resolves in a way that feels just right, the brain releases dopamine — the neurochemical of learning and reward. In The Steeping Space, you function as the composer generating the resolution and the listener receiving it simultaneously. A closed dopaminergic loop. Built entirely from your own creative expression. No pharmaceutical equivalent exists.","Spring / Summer — High Energy","Seeking Flow States / High Creative Performers","Invest in CREÅTIVE STEEPING sessions →"
"Your flavor has a name you haven't said yet.","Koan","Somatic","Deepen","Pre-linguistic creative intelligence (Damasio, 1994): the body encodes creative knowing before language articulates it — somatic markers signal direction before the analytical mind constructs explanation. The flavor exists before the naming. The steep surfaces it.","A tea tin with no label. A hand reaches to write on it — hesitates. The tin begins to glow from within. The label illuminates from inside the tin, not from the hand. The hand withdraws. The name was always there.","The body encodes creative knowing before language articulates it. The flavor beneath every flavor functions as the one you have been circling without naming — not because you don't know it, but because knowing it means you are responsible for it. The Steeping Space creates the conditions in which the name arrives on its own. From your body. In your time. At your temperature.","Winter — Stillness / Naming","Shadow Work / Advanced Creative Practice / Long-Term Practitioners","Enter the Steeping Space at creativesteeping.com →"
"The practice preceded the portal.","Origin Story","Observational","Introduce","Credibility research: practices with verifiable pre-digital origins carry implicit authority — they existed before the market required them. Creative Steeping was practiced in Bordeaux, San Francisco, and the Mojave desert before a website existed to describe it. The portal is where the water is always ready. The practice is where the practice lives.","A timeline with no dates — only locations. Bordeaux. San Francisco. The Mojave. Each dissolves into the next. The final frame: a single glowing screen in a dark room, waiting. The screen arrived last. The practice was first.","CREÅTIVE STEEPING was practiced in Bordeaux, in San Francisco, in the Mojave desert, before there was a website to visit. The portal functions as where the water is always at the right temperature, waiting. The practice is where the practice lives. The steep has been running since before you arrived. Come when you are ready.","Any — Evergreen / Brand Foundation","Curious Newcomers / First Contact / Skeptics Requiring Provenance","Begin at creativesteeping.com →"
"Seven in ten creative professionals experienced burnout last year.","Observation","Observational","Introduce","2024 Mentally Healthy Survey (Never Not Creative, 2,000+ respondents across AU/NZ/US/UK): 70% of media, marketing and creative professionals reported burnout in the past 12 months — 17 percentage points higher than general workforce averages. Burnout in creative fields is a systemic condition, not an individual failure.","A field of lit candles. One by one, seventy percent of them extinguish — not dramatically, not all at once. Quietly, in sequence. Three candles remain burning. The three hold steady. The animation does not resolve into encouragement. It holds the number.","Seven in ten creative professionals experienced burnout last year. Not because they lacked discipline. Because the environment extracted more than it returned. The steep functions as the counter-architecture — a practice that requires your presence and returns your essence. You are not the problem. You are the resource. The Steeping Space is designed to restore what the industry extracts.","Any — Evergreen / Industry Awareness","Creative Professionals / Agency Workers / Freelancers","Invest in CREÅTIVE STEEPING sessions →"
"Your brain constructs your identity during rest, not during effort.","Observation","Observational","Introduce","PMC / MDPI Biology (2025): the default mode network integrates autobiographical memory, future projection, and self-referential judgment during periods of undirected rest — not during focused task execution. Identity is assembled during pause. Effort is where identity is expressed.","A brain scan, simplified to wireframe. During task execution, specific regions light. When the task stops and rest begins, a wider network illuminates — the default mode, connecting across the whole. The wider network holds longer. Identity is built in the space between.","The brain's identity-construction network activates during rest — not during effort. Your sense of self, your creative continuity, your narrative coherence — these function as assembled during the pause, not the push. The Steeping Space provides the conditions. The 22 minutes is the construction window. Arrive. Let the network do its work.","Any — Evergreen","Overachievers / Hustle-Culture Recovery / Practitioners Seeking Evidence","Begin with 22 minutes at creativesteeping.com →"
"Creative practice touching the self produces durable change. Talking about the self does not.","Observation","Observational","Deepen","Frontiers in Psychology (2025) — arts therapies and neuroscience editorial: creative arts therapies that engage the practitioner in direct expressive acts produce measurably different neural outcomes than cognitive-verbal therapies alone. Aesthetic experience reaches layers of self-experience that language-based approaches cannot access without the body's participation.","Two parallel animations: left — a figure sitting across from someone, talking, gesturing, producing language. Right — a figure writing, the words becoming music, the body visible and engaged. At the bottom of both, a brain scan. The right-side scan shows more simultaneous activation. No text judges either path. The data speaks.","Creative practice that engages the body produces neural outcomes that language alone cannot reach. The Steeping Space functions as an expressive act, not a reflective exercise — tea, music, writing, and presence working simultaneously on layers of self-experience that analysis cannot access without the body's participation. The practice precedes the insight. The insight is the evidence.","Any — Evergreen","Practitioners in Therapy / Somatic Learners / Evidence-Seeking Professionals","Invest in CREÅTIVE STEEPING sessions →"
